timestamp,name,craft
2025-12-08T08:43:11.068231,Oleg Kononenko,ISS
2025-12-08T08:43:11.068231,Nikolai Chub,ISS
2025-12-08T08:43:11.068231,Tracy Caldwell Dyson,ISS
2025-12-08T08:43:11.068231,Matthew Dominick,ISS
2025-12-08T08:43:11.068231,Michael Barratt,ISS
2025-12-08T08:43:11.068231,Jeanette Epps,ISS
2025-12-08T08:43:11.068231,Alexander Grebenkin,ISS
2025-12-08T08:43:11.068231,Butch Wilmore,ISS
2025-12-08T08:43:11.068231,Sunita Williams,ISS
2025-12-08T08:43:11.068231,Li Guangsu,Tiangong
2025-12-08T08:43:11.068231,Li Cong,Tiangong
2025-12-08T08:43:11.068231,Ye Guangfu,Tiangong
